Username,Password,SecretAnswer,SA1,SA2,SA3,AddFunds,Currency1,Currency2,Recipient,PaymentAmount,PaymentCurrency
AzureP1,Moneycorp12345,q,q,q,q,50,EUR,USD,589347,1,USD
AzureP2,Moneycorp12345,q,q,q,q,50,GBP,JPY,589347,2,GBP
AzureP3,Moneycorp12345,q,q,q,q,50,EUR,USD,589347,3,USD
AzureP4,Moneycorp12345,q,q,q,q,50,GBP,JPY,589347,4,GBP
AzureP5,Moneycorp12345,q,q,q,q,50,EUR,USD,589347,5,USD
AzureP6,Moneycorp12345,q,q,q,q,50,GBP,JPY,589347,6,GBP
AzureP7,Moneycorp12345,q,q,q,q,50,EUR,USD,589347,7,USD
AzureP8,Moneycorp12345,q,q,q,q,50,GBP,JPY,589347,8,GBP
AzureP9,Moneycorp12345,q,q,q,q,50,EUR,USD,589347,9,USD
AzureP10,Moneycorp12345,q,q,q,q,50,GBP,JPY,589347,10,GBP
AzureP11,Moneycorp12345,q,q,q,q,50,EUR,USD,589347,11,USD
AzureP12,Moneycorp12345,q,q,q,q,50,GBP,JPY,589347,12,GBP
AzureP13,Moneycorp12345,q,q,q,q,50,EUR,USD,589347,13,USD
AzureP14,Moneycorp12345,q,q,q,q,50,GBP,JPY,589347,14,GBP
AzureP15,Moneycorp12345,q,q,q,q,50,EUR,USD,589347,15,USD
AzureP16,Moneycorp12345,q,q,q,q,50,GBP,JPY,589347,16,GBP
AzureP17,Moneycorp12345,q,q,q,q,50,EUR,USD,589347,17,USD
AzureP18,Moneycorp12345,q,q,q,q,50,GBP,JPY,589347,18,GBP
AzureP19,Moneycorp12345,q,q,q,q,50,EUR,USD,589347,19,USD
AzureP20,Moneycorp12345,q,q,q,q,50,GBP,JPY,589347,20,GBP
AzureP21,Moneycorp12345,q,q,q,q,50,EUR,USD,589347,21,USD
AzureP22,Moneycorp12345,q,q,q,q,50,GBP,JPY,589347,22,GBP
AzureP23,Moneycorp12345,q,q,q,q,50,EUR,USD,589347,23,USD
AzureP24,Moneycorp12345,q,q,q,q,50,GBP,JPY,589347,24,GBP
AzureP25,Moneycorp12345,q,q,q,q,50,EUR,USD,589347,25,USD
AzureP26,Moneycorp12345,q,q,q,q,50,GBP,JPY,589347,26,GBP
AzureP27,Moneycorp12345,q,q,q,q,50,EUR,USD,589347,27,USD
AzureP28,Moneycorp12345,q,q,q,q,50,GBP,JPY,589347,28,GBP
AzureP29,Moneycorp12345,q,q,q,q,50,EUR,USD,589347,29,USD
AzureP30,Moneycorp12345,q,q,q,q,50,GBP,JPY,589347,30,GBP
AzureP31,Moneycorp12345,q,q,q,q,50,EUR,USD,589347,31,USD
AzureP32,Moneycorp12345,q,q,q,q,50,GBP,JPY,589347,32,GBP
AzureP33,Moneycorp12345,q,q,q,q,50,EUR,USD,589347,33,USD
AzureP34,Moneycorp12345,q,q,q,q,50,GBP,JPY,589347,34,GBP
AzureP35,Moneycorp12345,q,q,q,q,50,EUR,USD,589347,35,USD
AzureP36,Moneycorp12345,q,q,q,q,50,GBP,JPY,589347,36,GBP
AzureP37,Moneycorp12345,q,q,q,q,50,EUR,USD,589347,37,USD
AzureP38,Moneycorp12345,q,q,q,q,50,GBP,JPY,589347,38,GBP
AzureP39,Moneycorp12345,q,q,q,q,50,EUR,USD,589347,39,USD
AzureP40,Moneycorp12345,q,q,q,q,50,GBP,JPY,589347,40,GBP
AzureP41,Moneycorp12345,q,q,q,q,50,EUR,USD,589347,41,USD
AzureP42,Moneycorp12345,q,q,q,q,50,GBP,JPY,589347,42,GBP
AzureP43,Moneycorp12345,q,q,q,q,50,EUR,USD,589347,43,USD
AzureP44,Moneycorp12345,q,q,q,q,50,GBP,JPY,589347,44,GBP
AzureP45,Moneycorp12345,q,q,q,q,50,EUR,USD,589347,45,USD
AzureP46,Moneycorp12345,q,q,q,q,50,GBP,JPY,589347,46,GBP
AzureP47,Moneycorp12345,q,q,q,q,50,EUR,USD,589347,47,USD
AzureP48,Moneycorp12345,q,q,q,q,50,GBP,JPY,589347,48,GBP
AzureP49,Moneycorp12345,q,q,q,q,50,EUR,USD,589347,49,USD
AzureP50,Moneycorp12345,q,q,q,q,50,GBP,JPY,589347,50,GBP
AzureP51,Moneycorp12345,q,q,q,q,50,EUR,USD,589347,51,USD
AzureP52,Moneycorp12345,q,q,q,q,50,GBP,JPY,589347,52,GBP
AzureP53,Moneycorp12345,q,q,q,q,50,EUR,USD,589347,53,USD
AzureP54,Moneycorp12345,q,q,q,q,50,GBP,JPY,589347,54,GBP
AzureP55,Moneycorp12345,q,q,q,q,50,EUR,USD,589347,55,USD
AzureP56,Moneycorp12345,q,q,q,q,50,GBP,JPY,589347,56,GBP
AzureP57,Moneycorp12345,q,q,q,q,50,EUR,USD,589347,57,USD
AzureP58,Moneycorp12345,q,q,q,q,50,GBP,JPY,589347,58,GBP
AzureP59,Moneycorp12345,q,q,q,q,50,EUR,USD,589347,59,USD
AzureP60,Moneycorp12345,q,q,q,q,50,GBP,JPY,589347,60,GBP
AzureP61,Moneycorp12345,q,q,q,q,50,EUR,USD,589347,61,USD
AzureP62,Moneycorp12345,q,q,q,q,50,GBP,JPY,589347,62,GBP
AzureP63,Moneycorp12345,q,q,q,q,50,EUR,USD,589347,63,USD
AzureP64,Moneycorp12345,q,q,q,q,50,GBP,JPY,589347,64,GBP
AzureP65,Moneycorp12345,q,q,q,q,50,EUR,USD,589347,65,USD
AzureP66,Moneycorp12345,q,q,q,q,50,GBP,JPY,589347,66,GBP
AzureP67,Moneycorp12345,q,q,q,q,50,EUR,USD,589347,67,USD
AzureP68,Moneycorp12345,q,q,q,q,50,GBP,JPY,589347,68,GBP
AzureP69,Moneycorp12345,q,q,q,q,50,EUR,USD,589347,69,USD
AzureP70,Moneycorp12345,q,q,q,q,50,GBP,JPY,589347,70,GBP
AzureP71,Moneycorp12345,q,q,q,q,50,EUR,USD,589347,71,USD
AzureP72,Moneycorp12345,q,q,q,q,50,GBP,JPY,589347,72,GBP
AzureP73,Moneycorp12345,q,q,q,q,50,EUR,USD,589347,73,USD
AzureP74,Moneycorp12345,q,q,q,q,50,GBP,JPY,589347,74,GBP
AzureP75,Moneycorp12345,q,q,q,q,50,EUR,USD,589347,75,USD
AzureP76,Moneycorp12345,q,q,q,q,50,GBP,JPY,589347,76,GBP
AzureP77,Moneycorp12345,q,q,q,q,50,EUR,USD,589347,77,USD
AzureP78,Moneycorp12345,q,q,q,q,50,GBP,JPY,589347,78,GBP
AzureP79,Moneycorp12345,q,q,q,q,50,EUR,USD,589347,79,USD
AzureP80,Moneycorp12345,q,q,q,q,50,GBP,JPY,589347,80,GBP
AzureP81,Moneycorp12345,q,q,q,q,50,EUR,USD,589347,81,USD
AzureP82,Moneycorp12345,q,q,q,q,50,GBP,JPY,589347,82,GBP
AzureP83,Moneycorp12345,q,q,q,q,50,EUR,USD,589347,83,USD
AzureP84,Moneycorp12345,q,q,q,q,50,GBP,JPY,589347,84,GBP
AzureP85,Moneycorp12345,q,q,q,q,50,EUR,USD,589347,85,USD
AzureP86,Moneycorp12345,q,q,q,q,50,GBP,JPY,589347,86,GBP
AzureP87,Moneycorp12345,q,q,q,q,50,EUR,USD,589347,87,USD
AzureP88,Moneycorp12345,q,q,q,q,50,GBP,JPY,589347,88,GBP
AzureP89,Moneycorp12345,q,q,q,q,50,EUR,USD,589347,89,USD
AzureP90,Moneycorp12345,q,q,q,q,50,GBP,JPY,589347,90,GBP
AzureP91,Moneycorp12345,q,q,q,q,50,EUR,USD,589347,91,USD
AzureP92,Moneycorp12345,q,q,q,q,50,GBP,JPY,589347,92,GBP
AzureP93,Moneycorp12345,q,q,q,q,50,EUR,USD,589347,93,USD
AzureP94,Moneycorp12345,q,q,q,q,50,GBP,JPY,589347,94,GBP
AzureP95,Moneycorp12345,q,q,q,q,50,EUR,USD,589347,95,USD
AzureP96,Moneycorp12345,q,q,q,q,50,GBP,JPY,589347,96,GBP
AzureP97,Moneycorp12345,q,q,q,q,50,EUR,USD,589347,97,USD
AzureP98,Moneycorp12345,q,q,q,q,50,GBP,JPY,589347,98,GBP
AzureP99,Moneycorp12345,q,q,q,q,50,EUR,USD,589347,99,USD
AzureP100,Moneycorp12345,q,q,q,q,50,GBP,JPY,589347,100,GBP
AzureP101,Moneycorp12345,q,q,q,q,50,EUR,USD,589347,101,USD
AzureP102,Moneycorp12345,q,q,q,q,50,GBP,JPY,589347,102,GBP
AzureP103,Moneycorp12345,q,q,q,q,50,EUR,USD,589347,103,USD
AzureP104,Moneycorp12345,q,q,q,q,50,GBP,JPY,589347,104,GBP
AzureP105,Moneycorp12345,q,q,q,q,50,EUR,USD,589347,105,USD
AzureP106,Moneycorp12345,q,q,q,q,50,GBP,JPY,589347,106,GBP
AzureP107,Moneycorp12345,q,q,q,q,50,EUR,USD,589347,107,USD
AzureP108,Moneycorp12345,q,q,q,q,50,GBP,JPY,589347,108,GBP
AzureP109,Moneycorp12345,q,q,q,q,50,EUR,USD,589347,109,USD
AzureP110,Moneycorp12345,q,q,q,q,50,GBP,JPY,589347,110,GBP
AzureP111,Moneycorp12345,q,q,q,q,50,EUR,USD,589347,111,USD
AzureP112,Moneycorp12345,q,q,q,q,50,GBP,JPY,589347,112,GBP
AzureP113,Moneycorp12345,q,q,q,q,50,EUR,USD,589347,113,USD
AzureP114,Moneycorp12345,q,q,q,q,50,GBP,JPY,589347,114,GBP
AzureP115,Moneycorp12345,q,q,q,q,50,EUR,USD,589347,115,USD
AzureP116,Moneycorp12345,q,q,q,q,50,GBP,JPY,589347,116,GBP
AzureP117,Moneycorp12345,q,q,q,q,50,EUR,USD,589347,117,USD
AzureP118,Moneycorp12345,q,q,q,q,50,GBP,JPY,589347,118,GBP
AzureP119,Moneycorp12345,q,q,q,q,50,EUR,USD,589347,119,USD
AzureP120,Moneycorp12345,q,q,q,q,50,GBP,JPY,589347,120,GBP
AzureP121,Moneycorp12345,q,q,q,q,50,EUR,USD,589347,121,USD
AzureP122,Moneycorp12345,q,q,q,q,50,GBP,JPY,589347,122,GBP
AzureP123,Moneycorp12345,q,q,q,q,50,EUR,USD,589347,123,USD
AzureP124,Moneycorp12345,q,q,q,q,50,GBP,JPY,589347,124,GBP
AzureP125,Moneycorp12345,q,q,q,q,50,EUR,USD,589347,125,USD
AzureP126,Moneycorp12345,q,q,q,q,50,GBP,JPY,589347,126,GBP
AzureP127,Moneycorp12345,q,q,q,q,50,EUR,USD,589347,127,USD
AzureP128,Moneycorp12345,q,q,q,q,50,GBP,JPY,589347,128,GBP
AzureP129,Moneycorp12345,q,q,q,q,50,EUR,USD,589347,129,USD
AzureP130,Moneycorp12345,q,q,q,q,50,GBP,JPY,589347,130,GBP
AzureP131,Moneycorp12345,q,q,q,q,50,EUR,USD,589347,131,USD
AzureP132,Moneycorp12345,q,q,q,q,50,GBP,JPY,589347,132,GBP
AzureP133,Moneycorp12345,q,q,q,q,50,EUR,USD,589347,133,USD
AzureP134,Moneycorp12345,q,q,q,q,50,GBP,JPY,589347,134,GBP
AzureP135,Moneycorp12345,q,q,q,q,50,EUR,USD,589347,135,USD
AzureP136,Moneycorp12345,q,q,q,q,50,GBP,JPY,589347,136,GBP
AzureP137,Moneycorp12345,q,q,q,q,50,EUR,USD,589347,137,USD
AzureP138,Moneycorp12345,q,q,q,q,50,GBP,JPY,589347,138,GBP
AzureP139,Moneycorp12345,q,q,q,q,50,EUR,USD,589347,139,USD
AzureP140,Moneycorp12345,q,q,q,q,50,GBP,JPY,589347,140,GBP
AzureP141,Moneycorp12345,q,q,q,q,50,EUR,USD,589347,141,USD
AzureP142,Moneycorp12345,q,q,q,q,50,GBP,JPY,589347,142,GBP
AzureP143,Moneycorp12345,q,q,q,q,50,EUR,USD,589347,143,USD
AzureP144,Moneycorp12345,q,q,q,q,50,GBP,JPY,589347,144,GBP
AzureP145,Moneycorp12345,q,q,q,q,50,EUR,USD,589347,145,USD
AzureP146,Moneycorp12345,q,q,q,q,50,GBP,JPY,589347,146,GBP
AzureP147,Moneycorp12345,q,q,q,q,50,EUR,USD,589347,147,USD
AzureP148,Moneycorp12345,q,q,q,q,50,GBP,JPY,589347,148,GBP
AzureP149,Moneycorp12345,q,q,q,q,50,EUR,USD,589347,149,USD
AzureP150,Moneycorp12345,q,q,q,q,50,GBP,JPY,589347,150,GBP
AzureP151,Moneycorp12345,q,q,q,q,50,EUR,USD,589347,151,USD
AzureP152,Moneycorp12345,q,q,q,q,50,GBP,JPY,589347,152,GBP
AzureP153,Moneycorp12345,q,q,q,q,50,EUR,USD,589347,153,USD
AzureP154,Moneycorp12345,q,q,q,q,50,GBP,JPY,589347,154,GBP
AzureP155,Moneycorp12345,q,q,q,q,50,EUR,USD,589347,155,USD
AzureP156,Moneycorp12345,q,q,q,q,50,GBP,JPY,589347,156,GBP
AzureP157,Moneycorp12345,q,q,q,q,50,EUR,USD,589347,157,USD
AzureP158,Moneycorp12345,q,q,q,q,50,GBP,JPY,589347,158,GBP
AzureP159,Moneycorp12345,q,q,q,q,50,EUR,USD,589347,159,USD
AzureP160,Moneycorp12345,q,q,q,q,50,GBP,JPY,589347,160,GBP
AzureP161,Moneycorp12345,q,q,q,q,50,EUR,USD,589347,161,USD
AzureP162,Moneycorp12345,q,q,q,q,50,GBP,JPY,589347,162,GBP
AzureP163,Moneycorp12345,q,q,q,q,50,EUR,USD,589347,163,USD
AzureP164,Moneycorp12345,q,q,q,q,50,GBP,JPY,589347,164,GBP
AzureP165,Moneycorp12345,q,q,q,q,50,EUR,USD,589347,165,USD
AzureP166,Moneycorp12345,q,q,q,q,50,GBP,JPY,589347,166,GBP
AzureP167,Moneycorp12345,q,q,q,q,50,EUR,USD,589347,167,USD
AzureP168,Moneycorp12345,q,q,q,q,50,GBP,JPY,589347,168,GBP
AzureP169,Moneycorp12345,q,q,q,q,50,EUR,USD,589347,169,USD
AzureP170,Moneycorp12345,q,q,q,q,50,GBP,JPY,589347,170,GBP
AzureP171,Moneycorp12345,q,q,q,q,50,EUR,USD,589347,171,USD
AzureP172,Moneycorp12345,q,q,q,q,50,GBP,JPY,589347,172,GBP
AzureP173,Moneycorp12345,q,q,q,q,50,EUR,USD,589347,173,USD
AzureP174,Moneycorp12345,q,q,q,q,50,GBP,JPY,589347,174,GBP
AzureP175,Moneycorp12345,q,q,q,q,50,EUR,USD,589347,175,USD
AzureP176,Moneycorp12345,q,q,q,q,50,GBP,JPY,589347,176,GBP
AzureP177,Moneycorp12345,q,q,q,q,50,EUR,USD,589347,177,USD
AzureP178,Moneycorp12345,q,q,q,q,50,GBP,JPY,589347,178,GBP
AzureP179,Moneycorp12345,q,q,q,q,50,EUR,USD,589347,179,USD
AzureP180,Moneycorp12345,q,q,q,q,50,GBP,JPY,589347,180,GBP
AzureP181,Moneycorp12345,q,q,q,q,50,EUR,USD,589347,181,USD
AzureP182,Moneycorp12345,q,q,q,q,50,GBP,JPY,589347,182,GBP
AzureP183,Moneycorp12345,q,q,q,q,50,EUR,USD,589347,183,USD
AzureP184,Moneycorp12345,q,q,q,q,50,GBP,JPY,589347,184,GBP
AzureP185,Moneycorp12345,q,q,q,q,50,EUR,USD,589347,185,USD
AzureP186,Moneycorp12345,q,q,q,q,50,GBP,JPY,589347,186,GBP
AzureP187,Moneycorp12345,q,q,q,q,50,EUR,USD,589347,187,USD
AzureP188,Moneycorp12345,q,q,q,q,50,GBP,JPY,589347,188,GBP
AzureP189,Moneycorp12345,q,q,q,q,50,EUR,USD,589347,189,USD
AzureP190,Moneycorp12345,q,q,q,q,50,GBP,JPY,589347,190,GBP
AzureP191,Moneycorp12345,q,q,q,q,50,EUR,USD,589347,191,USD
AzureP192,Moneycorp12345,q,q,q,q,50,GBP,JPY,589347,192,GBP
AzureP193,Moneycorp12345,q,q,q,q,50,EUR,USD,589347,193,USD
AzureP194,Moneycorp12345,q,q,q,q,50,GBP,JPY,589347,194,GBP
AzureP195,Moneycorp12345,q,q,q,q,50,EUR,USD,589347,195,USD
AzureP196,Moneycorp12345,q,q,q,q,50,GBP,JPY,589347,196,GBP
AzureP197,Moneycorp12345,q,q,q,q,50,EUR,USD,589347,197,USD
AzureP198,Moneycorp12345,q,q,q,q,50,GBP,JPY,589347,198,GBP
AzureP199,Moneycorp12345,q,q,q,q,50,EUR,USD,589347,199,USD
AzureP200,Moneycorp12345,q,q,q,q,50,GBP,JPY,589347,200,GBP
AzureP201,Moneycorp12345,q,q,q,q,50,EUR,USD,589347,201,USD
AzureP202,Moneycorp12345,q,q,q,q,50,GBP,JPY,589347,202,GBP
AzureP203,Moneycorp12345,q,q,q,q,50,EUR,USD,589347,203,USD
AzureP204,Moneycorp12345,q,q,q,q,50,GBP,JPY,589347,204,GBP
AzureP205,Moneycorp12345,q,q,q,q,50,EUR,USD,589347,205,USD
AzureP206,Moneycorp12345,q,q,q,q,50,GBP,JPY,589347,206,GBP
AzureP207,Moneycorp12345,q,q,q,q,50,EUR,USD,589347,207,USD
AzureP208,Moneycorp12345,q,q,q,q,50,GBP,JPY,589347,208,GBP
AzureP209,Moneycorp12345,q,q,q,q,50,EUR,USD,589347,209,USD
AzureP210,Moneycorp12345,q,q,q,q,50,GBP,JPY,589347,210,GBP
AzureP211,Moneycorp12345,q,q,q,q,50,EUR,USD,589347,211,USD
AzureP212,Moneycorp12345,q,q,q,q,50,GBP,JPY,589347,212,GBP
AzureP213,Moneycorp12345,q,q,q,q,50,EUR,USD,589347,213,USD
AzureP214,Moneycorp12345,q,q,q,q,50,GBP,JPY,589347,214,GBP
AzureP215,Moneycorp12345,q,q,q,q,50,EUR,USD,589347,215,USD
AzureP216,Moneycorp12345,q,q,q,q,50,GBP,JPY,589347,216,GBP
AzureP217,Moneycorp12345,q,q,q,q,50,EUR,USD,589347,217,USD
AzureP218,Moneycorp12345,q,q,q,q,50,GBP,JPY,589347,218,GBP
AzureP219,Moneycorp12345,q,q,q,q,50,EUR,USD,589347,219,USD
AzureP220,Moneycorp12345,q,q,q,q,50,GBP,JPY,589347,220,GBP
AzureP221,Moneycorp12345,q,q,q,q,50,EUR,USD,589347,221,USD
AzureP222,Moneycorp12345,q,q,q,q,50,GBP,JPY,589347,222,GBP
AzureP223,Moneycorp12345,q,q,q,q,50,EUR,USD,589347,223,USD
AzureP224,Moneycorp12345,q,q,q,q,50,GBP,JPY,589347,224,GBP
AzureP225,Moneycorp12345,q,q,q,q,50,EUR,USD,589347,225,USD
AzureP226,Moneycorp12345,q,q,q,q,50,GBP,JPY,589347,226,GBP
AzureP227,Moneycorp12345,q,q,q,q,50,EUR,USD,589347,227,USD
AzureP228,Moneycorp12345,q,q,q,q,50,GBP,JPY,589347,228,GBP
AzureP229,Moneycorp12345,q,q,q,q,50,EUR,USD,589347,229,USD
AzureP230,Moneycorp12345,q,q,q,q,50,GBP,JPY,589347,230,GBP
AzureP231,Moneycorp12345,q,q,q,q,50,EUR,USD,589347,231,USD
AzureP232,Moneycorp12345,q,q,q,q,50,GBP,JPY,589347,232,GBP
AzureP233,Moneycorp12345,q,q,q,q,50,EUR,USD,589347,233,USD
AzureP234,Moneycorp12345,q,q,q,q,50,GBP,JPY,589347,234,GBP
AzureP235,Moneycorp12345,q,q,q,q,50,EUR,USD,589347,235,USD
AzureP236,Moneycorp12345,q,q,q,q,50,GBP,JPY,589347,236,GBP
AzureP237,Moneycorp12345,q,q,q,q,50,EUR,USD,589347,237,USD
AzureP238,Moneycorp12345,q,q,q,q,50,GBP,JPY,589347,238,GBP
AzureP239,Moneycorp12345,q,q,q,q,50,EUR,USD,589347,239,USD
AzureP240,Moneycorp12345,q,q,q,q,50,GBP,JPY,589347,240,GBP
AzureP241,Moneycorp12345,q,q,q,q,50,EUR,USD,589347,241,USD
AzureP242,Moneycorp12345,q,q,q,q,50,GBP,JPY,589347,242,GBP
AzureP243,Moneycorp12345,q,q,q,q,50,EUR,USD,589347,243,USD
AzureP244,Moneycorp12345,q,q,q,q,50,GBP,JPY,589347,244,GBP
AzureP245,Moneycorp12345,q,q,q,q,50,EUR,USD,589347,245,USD
AzureP246,Moneycorp12345,q,q,q,q,50,GBP,JPY,589347,246,GBP
AzureP247,Moneycorp12345,q,q,q,q,50,EUR,USD,589347,247,USD
AzureP248,Moneycorp12345,q,q,q,q,50,GBP,JPY,589347,248,GBP
AzureP249,Moneycorp12345,q,q,q,q,50,EUR,USD,589347,249,USD
AzureP250,Moneycorp12345,q,q,q,q,50,GBP,JPY,589347,250,GBP
AzureP251,Moneycorp12345,q,q,q,q,50,EUR,USD,589347,251,USD
AzureP252,Moneycorp12345,q,q,q,q,50,GBP,JPY,589347,252,GBP
AzureP253,Moneycorp12345,q,q,q,q,50,EUR,USD,589347,253,USD
AzureP254,Moneycorp12345,q,q,q,q,50,GBP,JPY,589347,254,GBP
AzureP255,Moneycorp12345,q,q,q,q,50,EUR,USD,589347,255,USD
AzureP256,Moneycorp12345,q,q,q,q,50,GBP,JPY,589347,256,GBP
AzureP257,Moneycorp12345,q,q,q,q,50,EUR,USD,589347,257,USD
AzureP258,Moneycorp12345,q,q,q,q,50,GBP,JPY,589347,258,GBP
AzureP259,Moneycorp12345,q,q,q,q,50,EUR,USD,589347,259,USD
AzureP260,Moneycorp12345,q,q,q,q,50,GBP,JPY,589347,260,GBP
AzureP261,Moneycorp12345,q,q,q,q,50,EUR,USD,589347,261,USD
AzureP262,Moneycorp12345,q,q,q,q,50,GBP,JPY,589347,262,GBP
AzureP263,Moneycorp12345,q,q,q,q,50,EUR,USD,589347,263,USD
AzureP264,Moneycorp12345,q,q,q,q,50,GBP,JPY,589347,264,GBP
AzureP265,Moneycorp12345,q,q,q,q,50,EUR,USD,589347,265,USD
AzureP266,Moneycorp12345,q,q,q,q,50,GBP,JPY,589347,266,GBP
AzureP267,Moneycorp12345,q,q,q,q,50,EUR,USD,589347,267,USD
AzureP268,Moneycorp12345,q,q,q,q,50,GBP,JPY,589347,268,GBP
AzureP269,Moneycorp12345,q,q,q,q,50,EUR,USD,589347,269,USD
AzureP270,Moneycorp12345,q,q,q,q,50,GBP,JPY,589347,270,GBP
AzureP271,Moneycorp12345,q,q,q,q,50,EUR,USD,589347,271,USD
AzureP272,Moneycorp12345,q,q,q,q,50,GBP,JPY,589347,272,GBP
AzureP273,Moneycorp12345,q,q,q,q,50,EUR,USD,589347,273,USD
AzureP274,Moneycorp12345,q,q,q,q,50,GBP,JPY,589347,274,GBP
AzureP275,Moneycorp12345,q,q,q,q,50,EUR,USD,589347,275,USD
AzureP276,Moneycorp12345,q,q,q,q,50,GBP,JPY,589347,276,GBP
AzureP277,Moneycorp12345,q,q,q,q,50,EUR,USD,589347,277,USD
AzureP278,Moneycorp12345,q,q,q,q,50,GBP,JPY,589347,278,GBP
AzureP279,Moneycorp12345,q,q,q,q,50,EUR,USD,589347,279,USD
AzureP280,Moneycorp12345,q,q,q,q,50,GBP,JPY,589347,280,GBP
AzureP281,Moneycorp12345,q,q,q,q,50,EUR,USD,589347,281,USD
AzureP282,Moneycorp12345,q,q,q,q,50,GBP,JPY,589347,282,GBP
AzureP283,Moneycorp12345,q,q,q,q,50,EUR,USD,589347,283,USD
AzureP284,Moneycorp12345,q,q,q,q,50,GBP,JPY,589347,284,GBP
AzureP285,Moneycorp12345,q,q,q,q,50,EUR,USD,589347,285,USD
AzureP286,Moneycorp12345,q,q,q,q,50,GBP,JPY,589347,286,GBP
AzureP287,Moneycorp12345,q,q,q,q,50,EUR,USD,589347,287,USD
AzureP288,Moneycorp12345,q,q,q,q,50,GBP,JPY,589347,288,GBP
AzureP289,Moneycorp12345,q,q,q,q,50,EUR,USD,589347,289,USD
AzureP290,Moneycorp12345,q,q,q,q,50,GBP,JPY,589347,290,GBP
AzureP291,Moneycorp12345,q,q,q,q,50,EUR,USD,589347,291,USD
AzureP292,Moneycorp12345,q,q,q,q,50,GBP,JPY,589347,292,GBP
AzureP293,Moneycorp12345,q,q,q,q,50,EUR,USD,589347,293,USD
AzureP294,Moneycorp12345,q,q,q,q,50,GBP,JPY,589347,294,GBP
AzureP295,Moneycorp12345,q,q,q,q,50,EUR,USD,589347,295,USD
AzureP296,Moneycorp12345,q,q,q,q,50,GBP,JPY,589347,296,GBP
AzureP297,Moneycorp12345,q,q,q,q,50,EUR,USD,589347,297,USD
AzureP298,Moneycorp12345,q,q,q,q,50,GBP,JPY,589347,298,GBP
AzureP299,Moneycorp12345,q,q,q,q,50,EUR,USD,589347,299,USD
AzureP300,Moneycorp12345,q,q,q,q,50,GBP,JPY,589347,300,GBP
AzureP301,Moneycorp12345,q,q,q,q,50,EUR,USD,589347,301,USD
AzureP302,Moneycorp12345,q,q,q,q,50,GBP,JPY,589347,302,GBP
AzureP303,Moneycorp12345,q,q,q,q,50,EUR,USD,589347,303,USD
AzureP304,Moneycorp12345,q,q,q,q,50,GBP,JPY,589347,304,GBP
AzureP305,Moneycorp12345,q,q,q,q,50,EUR,USD,589347,305,USD
AzureP306,Moneycorp12345,q,q,q,q,50,GBP,JPY,589347,306,GBP
AzureP307,Moneycorp12345,q,q,q,q,50,EUR,USD,589347,307,USD
AzureP308,Moneycorp12345,q,q,q,q,50,GBP,JPY,589347,308,GBP
AzureP309,Moneycorp12345,q,q,q,q,50,EUR,USD,589347,309,USD
AzureP310,Moneycorp12345,q,q,q,q,50,GBP,JPY,589347,310,GBP
AzureP311,Moneycorp12345,q,q,q,q,50,EUR,USD,589347,311,USD
AzureP312,Moneycorp12345,q,q,q,q,50,GBP,JPY,589347,312,GBP
AzureP313,Moneycorp12345,q,q,q,q,50,EUR,USD,589347,313,USD
AzureP314,Moneycorp12345,q,q,q,q,50,GBP,JPY,589347,314,GBP
AzureP315,Moneycorp12345,q,q,q,q,50,EUR,USD,589347,315,USD
AzureP316,Moneycorp12345,q,q,q,q,50,GBP,JPY,589347,316,GBP
AzureP317,Moneycorp12345,q,q,q,q,50,EUR,USD,589347,317,USD
AzureP318,Moneycorp12345,q,q,q,q,50,GBP,JPY,589347,318,GBP
AzureP319,Moneycorp12345,q,q,q,q,50,EUR,USD,589347,319,USD
AzureP320,Moneycorp12345,q,q,q,q,50,GBP,JPY,589347,320,GBP
AzureP321,Moneycorp12345,q,q,q,q,50,EUR,USD,589347,321,USD
AzureP322,Moneycorp12345,q,q,q,q,50,GBP,JPY,589347,322,GBP
AzureP323,Moneycorp12345,q,q,q,q,50,EUR,USD,589347,323,USD
AzureP324,Moneycorp12345,q,q,q,q,50,GBP,JPY,589347,324,GBP
AzureP325,Moneycorp12345,q,q,q,q,50,EUR,USD,589347,325,USD
AzureP326,Moneycorp12345,q,q,q,q,50,GBP,JPY,589347,326,GBP
AzureP327,Moneycorp12345,q,q,q,q,50,EUR,USD,589347,327,USD
AzureP328,Moneycorp12345,q,q,q,q,50,GBP,JPY,589347,328,GBP
AzureP329,Moneycorp12345,q,q,q,q,50,EUR,USD,589347,329,USD
AzureP330,Moneycorp12345,q,q,q,q,50,GBP,JPY,589347,330,GBP
AzureP331,Moneycorp12345,q,q,q,q,50,EUR,USD,589347,331,USD
AzureP332,Moneycorp12345,q,q,q,q,50,GBP,JPY,589347,332,GBP
AzureP333,Moneycorp12345,q,q,q,q,50,EUR,USD,589347,333,USD
AzureP334,Moneycorp12345,q,q,q,q,50,GBP,JPY,589347,334,GBP
AzureP335,Moneycorp12345,q,q,q,q,50,EUR,USD,589347,335,USD
AzureP336,Moneycorp12345,q,q,q,q,50,GBP,JPY,589347,336,GBP
AzureP337,Moneycorp12345,q,q,q,q,50,EUR,USD,589347,337,USD
AzureP338,Moneycorp12345,q,q,q,q,50,GBP,JPY,589347,338,GBP
AzureP339,Moneycorp12345,q,q,q,q,50,EUR,USD,589347,339,USD
AzureP340,Moneycorp12345,q,q,q,q,50,GBP,JPY,589347,340,GBP
AzureP341,Moneycorp12345,q,q,q,q,50,EUR,USD,589347,341,USD
AzureP342,Moneycorp12345,q,q,q,q,50,GBP,JPY,589347,342,GBP
AzureP343,Moneycorp12345,q,q,q,q,50,EUR,USD,589347,343,USD
AzureP344,Moneycorp12345,q,q,q,q,50,GBP,JPY,589347,344,GBP
AzureP345,Moneycorp12345,q,q,q,q,50,EUR,USD,589347,345,USD
AzureP346,Moneycorp12345,q,q,q,q,50,GBP,JPY,589347,346,GBP
AzureP347,Moneycorp12345,q,q,q,q,50,EUR,USD,589347,347,USD
AzureP348,Moneycorp12345,q,q,q,q,50,GBP,JPY,589347,348,GBP
AzureP349,Moneycorp12345,q,q,q,q,50,EUR,USD,589347,349,USD
AzureP350,Moneycorp12345,q,q,q,q,50,GBP,JPY,589347,350,GBP
AzureP351,Moneycorp12345,q,q,q,q,50,EUR,USD,589347,351,USD
AzureP352,Moneycorp12345,q,q,q,q,50,GBP,JPY,589347,352,GBP
AzureP353,Moneycorp12345,q,q,q,q,50,EUR,USD,589347,353,USD
AzureP354,Moneycorp12345,q,q,q,q,50,GBP,JPY,589347,354,GBP
AzureP355,Moneycorp12345,q,q,q,q,50,EUR,USD,589347,355,USD
AzureP356,Moneycorp12345,q,q,q,q,50,GBP,JPY,589347,356,GBP
AzureP357,Moneycorp12345,q,q,q,q,50,EUR,USD,589347,357,USD
AzureP358,Moneycorp12345,q,q,q,q,50,GBP,JPY,589347,358,GBP
AzureP359,Moneycorp12345,q,q,q,q,50,EUR,USD,589347,359,USD
AzureP360,Moneycorp12345,q,q,q,q,50,GBP,JPY,589347,360,GBP
AzureP361,Moneycorp12345,q,q,q,q,50,EUR,USD,589347,361,USD
AzureP362,Moneycorp12345,q,q,q,q,50,GBP,JPY,589347,362,GBP
AzureP363,Moneycorp12345,q,q,q,q,50,EUR,USD,589347,363,USD
AzureP364,Moneycorp12345,q,q,q,q,50,GBP,JPY,589347,364,GBP
AzureP365,Moneycorp12345,q,q,q,q,50,EUR,USD,589347,365,USD
AzureP366,Moneycorp12345,q,q,q,q,50,GBP,JPY,589347,366,GBP
AzureP367,Moneycorp12345,q,q,q,q,50,EUR,USD,589347,367,USD
AzureP368,Moneycorp12345,q,q,q,q,50,GBP,JPY,589347,368,GBP
AzureP369,Moneycorp12345,q,q,q,q,50,EUR,USD,589347,369,USD
AzureP370,Moneycorp12345,q,q,q,q,50,GBP,JPY,589347,370,GBP
AzureP371,Moneycorp12345,q,q,q,q,50,EUR,USD,589347,371,USD
AzureP372,Moneycorp12345,q,q,q,q,50,GBP,JPY,589347,372,GBP
AzureP373,Moneycorp12345,q,q,q,q,50,EUR,USD,589347,373,USD
AzureP374,Moneycorp12345,q,q,q,q,50,GBP,JPY,589347,374,GBP
AzureP375,Moneycorp12345,q,q,q,q,50,EUR,USD,589347,375,USD
AzureP376,Moneycorp12345,q,q,q,q,50,GBP,JPY,589347,376,GBP
AzureP377,Moneycorp12345,q,q,q,q,50,EUR,USD,589347,377,USD
AzureP378,Moneycorp12345,q,q,q,q,50,GBP,JPY,589347,378,GBP
AzureP379,Moneycorp12345,q,q,q,q,50,EUR,USD,589347,379,USD
AzureP380,Moneycorp12345,q,q,q,q,50,GBP,JPY,589347,380,GBP
AzureP381,Moneycorp12345,q,q,q,q,50,EUR,USD,589347,381,USD
AzureP382,Moneycorp12345,q,q,q,q,50,GBP,JPY,589347,382,GBP
AzureP383,Moneycorp12345,q,q,q,q,50,EUR,USD,589347,383,USD
AzureP384,Moneycorp12345,q,q,q,q,50,GBP,JPY,589347,384,GBP
AzureP385,Moneycorp12345,q,q,q,q,50,EUR,USD,589347,385,USD
AzureP386,Moneycorp12345,q,q,q,q,50,GBP,JPY,589347,386,GBP
AzureP387,Moneycorp12345,q,q,q,q,50,EUR,USD,589347,387,USD
AzureP388,Moneycorp12345,q,q,q,q,50,GBP,JPY,589347,388,GBP
AzureP389,Moneycorp12345,q,q,q,q,50,EUR,USD,589347,389,USD
AzureP390,Moneycorp12345,q,q,q,q,50,GBP,JPY,589347,390,GBP
AzureP391,Moneycorp12345,q,q,q,q,50,EUR,USD,589347,391,USD
AzureP392,Moneycorp12345,q,q,q,q,50,GBP,JPY,589347,392,GBP
AzureP393,Moneycorp12345,q,q,q,q,50,EUR,USD,589347,393,USD
AzureP394,Moneycorp12345,q,q,q,q,50,GBP,JPY,589347,394,GBP
AzureP395,Moneycorp12345,q,q,q,q,50,EUR,USD,589347,395,USD
AzureP396,Moneycorp12345,q,q,q,q,50,GBP,JPY,589347,396,GBP
AzureP397,Moneycorp12345,q,q,q,q,50,EUR,USD,589347,397,USD
AzureP398,Moneycorp12345,q,q,q,q,50,GBP,JPY,589347,398,GBP
AzureP399,Moneycorp12345,q,q,q,q,50,EUR,USD,589347,399,USD
AzureP400,Moneycorp12345,q,q,q,q,50,GBP,JPY,589347,400,GBP
AzureP401,Moneycorp12345,q,q,q,q,50,EUR,USD,589347,401,USD
AzureP402,Moneycorp12345,q,q,q,q,50,GBP,JPY,589347,402,GBP
AzureP403,Moneycorp12345,q,q,q,q,50,EUR,USD,589347,403,USD
AzureP404,Moneycorp12345,q,q,q,q,50,GBP,JPY,589347,404,GBP
AzureP405,Moneycorp12345,q,q,q,q,50,EUR,USD,589347,405,USD
AzureP406,Moneycorp12345,q,q,q,q,50,GBP,JPY,589347,406,GBP
AzureP407,Moneycorp12345,q,q,q,q,50,EUR,USD,589347,407,USD
AzureP408,Moneycorp12345,q,q,q,q,50,GBP,JPY,589347,408,GBP
AzureP409,Moneycorp12345,q,q,q,q,50,EUR,USD,589347,409,USD
AzureP410,Moneycorp12345,q,q,q,q,50,GBP,JPY,589347,410,GBP
AzureP411,Moneycorp12345,q,q,q,q,50,EUR,USD,589347,411,USD
AzureP412,Moneycorp12345,q,q,q,q,50,GBP,JPY,589347,412,GBP
AzureP413,Moneycorp12345,q,q,q,q,50,EUR,USD,589347,413,USD
AzureP414,Moneycorp12345,q,q,q,q,50,GBP,JPY,589347,414,GBP
AzureP415,Moneycorp12345,q,q,q,q,50,EUR,USD,589347,415,USD
AzureP416,Moneycorp12345,q,q,q,q,50,GBP,JPY,589347,416,GBP
AzureP417,Moneycorp12345,q,q,q,q,50,EUR,USD,589347,417,USD
AzureP418,Moneycorp12345,q,q,q,q,50,GBP,JPY,589347,418,GBP
AzureP419,Moneycorp12345,q,q,q,q,50,EUR,USD,589347,419,USD
AzureP420,Moneycorp12345,q,q,q,q,50,GBP,JPY,589347,420,GBP
AzureP421,Moneycorp12345,q,q,q,q,50,EUR,USD,589347,421,USD
AzureP422,Moneycorp12345,q,q,q,q,50,GBP,JPY,589347,422,GBP
AzureP423,Moneycorp12345,q,q,q,q,50,EUR,USD,589347,423,USD
AzureP424,Moneycorp12345,q,q,q,q,50,GBP,JPY,589347,424,GBP
AzureP425,Moneycorp12345,q,q,q,q,50,EUR,USD,589347,425,USD
AzureP426,Moneycorp12345,q,q,q,q,50,GBP,JPY,589347,426,GBP
AzureP427,Moneycorp12345,q,q,q,q,50,EUR,USD,589347,427,USD
AzureP428,Moneycorp12345,q,q,q,q,50,GBP,JPY,589347,428,GBP
AzureP429,Moneycorp12345,q,q,q,q,50,EUR,USD,589347,429,USD
AzureP430,Moneycorp12345,q,q,q,q,50,GBP,JPY,589347,430,GBP
AzureP431,Moneycorp12345,q,q,q,q,50,EUR,USD,589347,431,USD
AzureP432,Moneycorp12345,q,q,q,q,50,GBP,JPY,589347,432,GBP
AzureP433,Moneycorp12345,q,q,q,q,50,EUR,USD,589347,433,USD
AzureP434,Moneycorp12345,q,q,q,q,50,GBP,JPY,589347,434,GBP
AzureP435,Moneycorp12345,q,q,q,q,50,EUR,USD,589347,435,USD
AzureP436,Moneycorp12345,q,q,q,q,50,GBP,JPY,589347,436,GBP
AzureP437,Moneycorp12345,q,q,q,q,50,EUR,USD,589347,437,USD
AzureP438,Moneycorp12345,q,q,q,q,50,GBP,JPY,589347,438,GBP
AzureP439,Moneycorp12345,q,q,q,q,50,EUR,USD,589347,439,USD
AzureP440,Moneycorp12345,q,q,q,q,50,GBP,JPY,589347,440,GBP
AzureP441,Moneycorp12345,q,q,q,q,50,EUR,USD,589347,441,USD
AzureP442,Moneycorp12345,q,q,q,q,50,GBP,JPY,589347,442,GBP
AzureP443,Moneycorp12345,q,q,q,q,50,EUR,USD,589347,443,USD
AzureP444,Moneycorp12345,q,q,q,q,50,GBP,JPY,589347,444,GBP
AzureP445,Moneycorp12345,q,q,q,q,50,EUR,USD,589347,445,USD
AzureP446,Moneycorp12345,q,q,q,q,50,GBP,JPY,589347,446,GBP
AzureP447,Moneycorp12345,q,q,q,q,50,EUR,USD,589347,447,USD
AzureP448,Moneycorp12345,q,q,q,q,50,GBP,JPY,589347,448,GBP
AzureP449,Moneycorp12345,q,q,q,q,50,EUR,USD,589347,449,USD
AzureP450,Moneycorp12345,q,q,q,q,50,GBP,JPY,589347,450,GBP
AzureP451,Moneycorp12345,q,q,q,q,50,EUR,USD,589347,451,USD
AzureP452,Moneycorp12345,q,q,q,q,50,GBP,JPY,589347,452,GBP
AzureP453,Moneycorp12345,q,q,q,q,50,EUR,USD,589347,453,USD
AzureP454,Moneycorp12345,q,q,q,q,50,GBP,JPY,589347,454,GBP
AzureP455,Moneycorp12345,q,q,q,q,50,EUR,USD,589347,455,USD
AzureP456,Moneycorp12345,q,q,q,q,50,GBP,JPY,589347,456,GBP
AzureP457,Moneycorp12345,q,q,q,q,50,EUR,USD,589347,457,USD
AzureP458,Moneycorp12345,q,q,q,q,50,GBP,JPY,589347,458,GBP
AzureP459,Moneycorp12345,q,q,q,q,50,EUR,USD,589347,459,USD
AzureP460,Moneycorp12345,q,q,q,q,50,GBP,JPY,589347,460,GBP
AzureP461,Moneycorp12345,q,q,q,q,50,EUR,USD,589347,461,USD
AzureP462,Moneycorp12345,q,q,q,q,50,GBP,JPY,589347,462,GBP
AzureP463,Moneycorp12345,q,q,q,q,50,EUR,USD,589347,463,USD
AzureP464,Moneycorp12345,q,q,q,q,50,GBP,JPY,589347,464,GBP
AzureP465,Moneycorp12345,q,q,q,q,50,EUR,USD,589347,465,USD
AzureP466,Moneycorp12345,q,q,q,q,50,GBP,JPY,589347,466,GBP
AzureP467,Moneycorp12345,q,q,q,q,50,EUR,USD,589347,467,USD
AzureP468,Moneycorp12345,q,q,q,q,50,GBP,JPY,589347,468,GBP
AzureP469,Moneycorp12345,q,q,q,q,50,EUR,USD,589347,469,USD
AzureP470,Moneycorp12345,q,q,q,q,50,GBP,JPY,589347,470,GBP
AzureP471,Moneycorp12345,q,q,q,q,50,EUR,USD,589347,471,USD
AzureP472,Moneycorp12345,q,q,q,q,50,GBP,JPY,589347,472,GBP
AzureP473,Moneycorp12345,q,q,q,q,50,EUR,USD,589347,473,USD
AzureP474,Moneycorp12345,q,q,q,q,50,GBP,JPY,589347,474,GBP
AzureP475,Moneycorp12345,q,q,q,q,50,EUR,USD,589347,475,USD
AzureP476,Moneycorp12345,q,q,q,q,50,GBP,JPY,589347,476,GBP
AzureP477,Moneycorp12345,q,q,q,q,50,EUR,USD,589347,477,USD
AzureP478,Moneycorp12345,q,q,q,q,50,GBP,JPY,589347,478,GBP
AzureP479,Moneycorp12345,q,q,q,q,50,EUR,USD,589347,479,USD
AzureP480,Moneycorp12345,q,q,q,q,50,GBP,JPY,589347,480,GBP
AzureP481,Moneycorp12345,q,q,q,q,50,EUR,USD,589347,481,USD
AzureP482,Moneycorp12345,q,q,q,q,50,GBP,JPY,589347,482,GBP
AzureP483,Moneycorp12345,q,q,q,q,50,EUR,USD,589347,483,USD
AzureP484,Moneycorp12345,q,q,q,q,50,GBP,JPY,589347,484,GBP
AzureP485,Moneycorp12345,q,q,q,q,50,EUR,USD,589347,485,USD
AzureP486,Moneycorp12345,q,q,q,q,50,GBP,JPY,589347,486,GBP
AzureP487,Moneycorp12345,q,q,q,q,50,EUR,USD,589347,487,USD
AzureP488,Moneycorp12345,q,q,q,q,50,GBP,JPY,589347,488,GBP
AzureP489,Moneycorp12345,q,q,q,q,50,EUR,USD,589347,489,USD
AzureP490,Moneycorp12345,q,q,q,q,50,GBP,JPY,589347,490,GBP
AzureP491,Moneycorp12345,q,q,q,q,50,EUR,USD,589347,491,USD
AzureP492,Moneycorp12345,q,q,q,q,50,GBP,JPY,589347,492,GBP
AzureP493,Moneycorp12345,q,q,q,q,50,EUR,USD,589347,493,USD
AzureP494,Moneycorp12345,q,q,q,q,50,GBP,JPY,589347,494,GBP
AzureP495,Moneycorp12345,q,q,q,q,50,EUR,USD,589347,495,USD
AzureP496,Moneycorp12345,q,q,q,q,50,GBP,JPY,589347,496,GBP
AzureP497,Moneycorp12345,q,q,q,q,50,EUR,USD,589347,497,USD
AzureP498,Moneycorp12345,q,q,q,q,50,GBP,JPY,589347,498,GBP
AzureP499,Moneycorp12345,q,q,q,q,50,EUR,USD,589347,499,USD
AzureP500,Moneycorp12345,q,q,q,q,50,GBP,JPY,589347,500,GBP